{"Scenario_L_7283_01_1_x": [{"row_idx": 3, "param_idx": 0, "ttext": "\u5de6\u770b\u770b\uff01\\n\u53f3\u770b~\u770b\uff01"}, {"row_idx": 4, "param_idx": 0, "ttext": "\u55ef\u55ef\uff0c\u4e00\u5207\u5b89\u597d\\n\u4eca\u5929\u4e5f\u662f\u5de1\u908f\u7684\u597d\u65e5\u5b50\uff0c\u771f\u662f\u592a\u597d\u4e86\uff01"}, {"row_idx": 5, "param_idx": 0, "ttext": "\u9019\u4e00\u5e36\u7684\u5929\u85cd\u602a\u771f\u5c11\u5436\\n\u679c\u7136\u9084\u662f\u795e\u6728\u7684\u529f\u52de\u5462\u266a"}, {"row_idx": 11, "param_idx": 0, "ttext": "...\u54a6\uff1f"}, {"row_idx": 12, "param_idx": 0, "ttext": "\u7c89\u7d05\u8c79\uff0c\u59b3\u597d\uff01"}, {"row_idx": 14, "param_idx": 0, "ttext": "\u54ce\uff0c\u85ea\u8c93\u5c0f\u59d0\\n\u59b3\u597d"}, {"row_idx": 15, "param_idx": 0, "ttext": "\u5728\u5e79\u4ec0\u9ebc\u5462~\uff1f\\n\u662f\u5728\u770b\u795e\u6728\u55ce\uff1f"}, {"row_idx": 16, "param_idx": 0, "ttext": "\u90a3\u500b...\\n\u6211\u5728\u7d66\u6625\u4e4b\u795e\u6728\u6f86\u6c34\u5462"}, {"row_idx": 17, "param_idx": 0, "ttext": "\u5927\u6982\u662f\u9019\u5e7e\u5929\u7684\u9177\u71b1\uff0c\u795e\u6728\\n\u770b\u8d77\u4f86\u6709\u4e9b\u7121\u7cbe\u6253\u91c7..."}, {"row_idx": 18, "param_idx": 0, "ttext": "<color=#990000>\u54ce\u2014\\n\u795e\u6728\u8b8a\u5f97\u6c92\u7cbe\u795e\u4e86\u55ce\uff01\uff1f</color>"}, {"row_idx": 19, "param_idx": 0, "ttext": "\u55ef...\u5927\u6982\u56e0\u70ba\u9019\u4ef6\u4e8b\uff0c\u6700\u8fd1\\n\u5929\u85cd\u602a\u5c31\u958b\u59cb\u51fa\u73fe\u5728\u5468\u570d\u4e86"}, {"row_idx": 20, "param_idx": 0, "ttext": "<size\\=\"40\">\u9019\u4e0b...\u53ef\u7cdf\u2014\u4e86\uff01</size>"}, {"row_idx": 21, "param_idx": 0, "ttext": "\u6211\u4e5f\u8981\u7d66\u795e\u6728\u6f86\u6c34\uff01"}, {"row_idx": 22, "param_idx": 0, "ttext": "\u591a\u6f86\u9ede\u6c34\\n\u4e00\u5b9a\u8981\u8b93\u795e\u6728\u6062\u5fa9\u6d3b\u529b\uff01"}, {"row_idx": 24, "param_idx": 0, "ttext": "\u9019\u500b\u5927\u8c61\u7051\u6c34\u58fa\uff0c\u80fd\u501f\u7528\u4e00\u4e0b\u55ce\uff1f"}, {"row_idx": 25, "param_idx": 0, "ttext": "\u55ef\uff0c\u6c92\u554f\u984c\uff01\\n\u8acb\u62ff\u53bb\u5427"}, {"row_idx": 27, "param_idx": 0, "ttext": "\u597d\u4e86 \u90a3\u6211\u53bb\u9644\u8fd1\u7684\u6cb3\u88e1\\n\u6253\u9ede\u4e7e\u6de8\u7684\u6c34\u5427"}, {"row_idx": 28, "param_idx": 0, "ttext": "<size\\=\"40\">\u7a0d\u7b49\u7247\u523b\uff0c\u795e\u6728\u6728\uff01</size>"}, {"row_idx": 36, "param_idx": 0, "ttext": "<color=#990000>\u5629\u5566~...</color>"}, {"row_idx": 38, "param_idx": 0, "ttext": "<size\\=\"40\">\u795e\u6728\uff0c\u6062~\u5fa9\u6d3b\u529b\u5427\uff01</size>"}, {"row_idx": 40, "param_idx": 0, "ttext": "...\u9019\u6a23\u7684\u8a71\\n\u61c9\u8a72\u80fd\u6062\u5fa9\u4e00\u9ede\u6d3b\u529b\u5427"}, {"row_idx": 41, "param_idx": 0, "ttext": "\u8449\u5b50\u770b\u8d77\u4f86\u76f8\u6bd4\u4e4b\u524d\\n\u66f4\u6709\u5149\u6fa4\u4e9b\u4e86\u5462"}, {"row_idx": 42, "param_idx": 0, "ttext": "\u96d6\u7136...\u4e0d\u80fd\u8aaa\u5145\u6eff\u6d3b\u529b\\n\u4f46\u770b\u8d77\u4f86\u9084\u662f\u6062\u5fa9\u4e9b\u4e86"}, {"row_idx": 43, "param_idx": 0, "ttext": "\u5982\u679c\u6bcf\u5929\u90fd\u9019\u9ebc\u71b1\u7684\u8a71\\n\u795e\u6728\u4e5f\u6703\u8b8a\u5f97\u7121\u7cbe\u6253\u91c7\u5462"}, {"row_idx": 44, "param_idx": 0, "ttext": "\u770b\u4f86\u5982\u6b64\\n\u5176\u4ed6\u7684\u795e\u6728\u4e5f\u8b93\u4eba\u64d4\u5fc3\u5462..."}, {"row_idx": 45, "param_idx": 0, "ttext": "\u554a...\u78ba\u5be6\uff01\\n\u4e0d\u6703\u6709\u4e8b\u5427...\uff1f"}, {"row_idx": 46, "param_idx": 0, "ttext": "\u708e\u71b1\u7684\u8a71\u80af\u5b9a\u4e0d\u50c5\u50c5\u5c40\u9650\u65bc\u9019\u88e1\u5427"}, {"row_idx": 47, "param_idx": 0, "ttext": "...\u6c7a\u5b9a\u4e86\uff01\\n\u6211\uff0c\u4e5f\u8981\u53bb\u770b\u770b\u5176\u4ed6\u795e\u6728"}, {"row_idx": 48, "param_idx": 0, "ttext": "\u54ce\u5440\uff01\u5982\u679c\u85ea\u8c93\u5c0f\u59d0\\n\u80fd\u53bb\u5e6b\u5fd9\u67e5\u770b\u60c5\u6cc1\u6211\u5c31\u5b89\u5fc3\u4e86"}, {"row_idx": 49, "param_idx": 0, "ttext": "\u55ef\uff0c\u4ea4\u7d66\u6211\u5427\uff01"}, {"row_idx": 50, "param_idx": 0, "ttext": "\u6211\u6703\u7528\u9019\u500b\u7051\u6c34\u58fa\\n\u7d66\u795e\u6728\u5b8c\u6f86\u6c34\u5c31\u56de\u4f86\uff01"}], "Scenario_L_7283_01_2_x": [{"row_idx": 3, "param_idx": 0, "ttext": "\u7409\u7403\u5730\u5340"}, {"row_idx": 4, "param_idx": 0, "ttext": "\u77f3\u85ea\u8c93\u9053\u5834"}, {"row_idx": 5, "param_idx": 0, "ttext": "\u563f\u54bb\uff01\\n\u5230~\u9054\u77f3\u85ea\u8c93\u9053\u5834\uff01"}, {"row_idx": 7, "param_idx": 0, "ttext": "<color=#990000>\u6b61\u8fce\u5149~\u81e8~</color>"}, {"row_idx": 9, "param_idx": 0, "ttext": "\u7368\u81ea\u4e00\u4eba\u4f86\u73a9\u55ce\uff1f\\n\u771f\u5c11\u898b\u5436"}, {"row_idx": 10, "param_idx": 0, "ttext": "\u5514\uff01\u4e0d\u662f\u4f86\u73a9\u7684\\n\u662f\u4f86\u770b\u795e\u6728\u72c0\u614b\u7684"}, {"row_idx": 11, "param_idx": 0, "ttext": "\u795e\u6728\u55ce\uff1f\\n\u767c\u751f\u4ec0\u9ebc\u4e8b\u4e86\u55ce\u2014"}, {"row_idx": 12, "param_idx": 0, "ttext": "\u56e0\u70ba\u6625\u4e4b\u795e\u6728\\n\u6709\u4e9b\u7121\u7cbe\u6253\u91c7\u7684"}, {"row_idx": 13, "param_idx": 0, "ttext": "\u65bc\u662f\u6709\u4e9b\u64d4\u5fc3\\n\u5176\u4ed6\u795e\u6728\u662f\u5426\u6709\u4e8b~"}, {"row_idx": 14, "param_idx": 0, "ttext": "...\u8aaa\u8d77\u9019\u500b\uff0c\u5bec\u543b\u6d77\u8c5a\\n\u6700\u8fd1\u4e5f\u5e38\u4f86\u9019\u88e1\u5462"}, {"row_idx": 15, "param_idx": 0, "ttext": "\u662f\u56e0\u70ba\u64d4\u5fc3\\n\u795e\u6728\u7121\u7cbe\u6253\u91c7\u7684\u4e8b\u55ce"}, {"row_idx": 16, "param_idx": 0, "ttext": "\u597d\u50cf\u5f9e\u4eca\u5929\u65e9\u4e0a\u958b\u59cb\u5c31\u548c\\n\u6d77\u88e1\u7684\u5b69\u5b50\u5011\u53bb\u6253\u6383\u6d77\u908a\u7684\u885b\u751f\u4e86..."}, {"row_idx": 17, "param_idx": 0, "ttext": "\u4e0d\u904e\u51fa\u767c\u4e4b\u524d\\n\u9084\u80fd\u770b\u5230\u5979\u5728\u795e\u6728\u524d\u54e6"}, {"row_idx": 18, "param_idx": 0, "ttext": "\u679c\u7136\u590f\u4e4b\u795e\u6728\u4e5f\\n\u56e0\u70ba\u708e\u71b1\u6709\u4e9b\u53d7\u4e0d\u4e86\u5427...\uff01"}, {"row_idx": 20, "param_idx": 0, "ttext": "\u5514\u5514\u5514............\u54ce"}, {"row_idx": 22, "param_idx": 0, "ttext": "\u548c\u6625\u4e4b\u795e\u6728\u76f8\u6bd4\\n\u9019\u908a\u7684\u795e\u6728\u770b\u8d77\u4f86\u66f4\u6709\u7cbe\u795e\u4e9b...\uff1f"}, {"row_idx": 23, "param_idx": 0, "ttext": "\u9019\u6a23\u55ce\uff1f\\n\u70ba\u4ec0\u9ebc\u8036\u2014\u266a"}, {"row_idx": 24, "param_idx": 0, "ttext": "\u662f\u56e0\u70ba\u7409\u7403\u592a\u967d\u516c\u516c\u7684\u80fd\u91cf\u5427\u2014\u266a"}, {"row_idx": 25, "param_idx": 0, "ttext": "\u8aaa\u4e0d\u5b9a\u8036...\uff01\uff1f"}, {"row_idx": 26, "param_idx": 0, "ttext": "\u4f46\u662f\uff0c\u9019\u88e1\u7684\u8449\u5b50\\n\u6709\u4e9b<color=#990000>\u4e7e\u5df4\u5df4~</color>\u7684\u5462"}, {"row_idx": 27, "param_idx": 0, "ttext": "\u6211\uff0c\u5e36\u4e86\u7051\u6c34\u58fa\u54e6\\n\u5c31\u7528\u9019\u500b\u6f86\u6c34\u5427"}, {"row_idx": 28, "param_idx": 0, "ttext": "\u55ef\u55ef\uff0c\u5c31\u9019\u6a23\u5427"}, {"row_idx": 29, "param_idx": 0, "ttext": "\u6211\u4e5f\u4e00\u8d77\u6f86\u6c34\u5427\\n\u5e0c\u671b\u5b83\u80fd\u8301\u58ef\u6210\u9577\u5462\u2014"}, {"row_idx": 37, "param_idx": 0, "ttext": "<color=#990000>\u5629\u5566~...</color>"}, {"row_idx": 39, "param_idx": 0, "ttext": "<size\\=\"40\">\u795e\u6728\uff0c\u5feb\u9ede\u597d~\u8d77\u4f86\u5427</size>"}, {"row_idx": 40, "param_idx": 0, "ttext": "\u600e\u9ebc\u6a23\\n\u795e\u6728\uff0c\u6709\u6062\u5fa9\u7cbe\u795e\u55ce"}, {"row_idx": 41, "param_idx": 0, "ttext": "\u80af\u5b9a\u6062\u5fa9\u4e86\u54e6\uff01\\n\u7562\u7adf\u6709\u85ea\u8c93\u50be\u5fc3\u7684\u6f86\u6c34\u5462"}, {"row_idx": 42, "param_idx": 0, "ttext": "\u7528\u4e0d\u4e86\u591a\u4e45\\n\u5c31\u6703\u518d\u6b21\u8301\u58ef\u6210\u9577\u5566\uff5e\u266a "}, {"row_idx": 43, "param_idx": 0, "ttext": "\u54ce\uff1f\u662f\u85ea\u8c93\uff01"}, {"row_idx": 45, "param_idx": 0, "ttext": "\u96e3\u9053\uff0c\u85ea\u8c93\u4e5f\u662f\\n\u4f86\u63a2\u671b\u795e\u6728\u7684\u55ce\uff1f"}, {"row_idx": 46, "param_idx": 0, "ttext": "\u55ef\uff01\u6709\u4e9b\u64d4\u5fc3\u795e\u6728\u7684\u7cbe\u795e\\n\u6240\u4ee5\u4f86\u6f86\u6c34\u4e86~"}, {"row_idx": 47, "param_idx": 0, "ttext": "\u9019\u6a23\u554a\\n\u795e\u6728\uff0c\u4e4b\u524d\u4e0d\u662f\u5f88\u6709\u7cbe\u795e\u5462"}, {"row_idx": 49, "param_idx": 0, "ttext": "\u6211\u5728\u6d77\u908a\u64bf\u5230\u4e86\u4e9b\u6f02\u4eae\u7684\u8c9d\u6bbc\\n\u5c31\u7d66\u5468\u570d\u88dd\u98fe\u4e00~\u4e0b\u5427"}, {"row_idx": 51, "param_idx": 0, "ttext": "\u563f\u563f\u563f \u4e0d\u932f\u561b\\n\u795e\u6728\u8b8a\u5f97\u6642\u5c1a\u8d77\u4f86\u4e86\u5462\uff01"}, {"row_idx": 53, "param_idx": 0, "ttext": "\u6c92\u60f3\u5230\u85ea\u8c93\u4e5f\u80fd\u4f86\\n\u597d\u958b\u5fc3\u5436\uff01\u54ce\u563f\u563f..."}, {"row_idx": 54, "param_idx": 0, "ttext": "\u54ce~ \u590f\u4e4b\u795e\u6728\u662f\\n\u5728\u9019\u88e1\u7684\u5927\u5bb6\u4e00\u8d77\u7167\u6599\u7684\u5462"}, {"row_idx": 55, "param_idx": 0, "ttext": "\u56e0\u70ba\u9053\u5834\u5c31\u5728\u9644\u8fd1\uff0c\u6240\u4ee5\u77f3\u7345\u4e5f\\n\u6703\u5e6b\u5fd9\u8d95\u8dd1\u5929\u85cd\u602a\u5462"}, {"row_idx": 56, "param_idx": 0, "ttext": "\u8b1d\u8b1d\u59b3\u2014\uff01"}, {"row_idx": 57, "param_idx": 0, "ttext": "<color=#990000>\u4e0d\u5fc5\u5ba2\u6c23~\uff5e</color>"}, {"row_idx": 59, "param_idx": 0, "ttext": "\u5514~\u55ef...\\n\u795e\u6728\u7684\u6d3b\u529b\u5728\u8870\u9000\u5462..."}, {"row_idx": 60, "param_idx": 0, "ttext": "\u96e3\u9053\u8aaa\u4e0d\u50c5\u50c5\u662f\u708e\u71b1\\n\u548c\u5929\u85cd\u602a\u4e5f\u6709\u95dc\u4fc2\u55ce\uff1f"}], "Scenario_L_7283_01_3_x": [{"row_idx": 3, "param_idx": 0, "ttext": "\u52a0\u5e15\u91cc\u516c\u5712\u5927\u5716\u66f8\u9928"}, {"row_idx": 4, "param_idx": 0, "ttext": "\u55ef~...\u54fc\u54fc\u54fc..."}, {"row_idx": 5, "param_idx": 0, "ttext": "\u79cb\u4e4b\u795e\u6728\\n\u770b\u8d77\u4f86\u6bd4\u6625\u590f\u795e\u6728\u66f4\u6709\u6d3b\u529b\u5462"}, {"row_idx": 6, "param_idx": 0, "ttext": "\u4f46\u662f\uff0c\u6c34\u6c38\u9060\u4e5f\u4e0d\u5acc\u591a\uff01\\n\u5c31\u8b93\u79cb\u4e4b\u795e\u6728\u4e5f<color=#990000>\u5145\u6eff\u6d3b\u529b~\u5427~</color>"}, {"row_idx": 8, "param_idx": 0, "ttext": "<color=#990000>\u5629\u5566\u5566~...</color>"}, {"row_idx": 12, "param_idx": 0, "ttext": "\u85ea\u8c93\\n\u59b3\u5728\u9019\u88e1\u5e79\u4ec0\u9ebc"}, {"row_idx": 13, "param_idx": 0, "ttext": "\u54ce\uff0c\u767d\u9762\u535a\u58eb\u548c\u5c0f\u9d1e\u52a9\u624b\\n\u59b3\u5011\u4f86\u5f97\u6b63\u662f\u6642\u5019\uff01"}, {"row_idx": 14, "param_idx": 0, "ttext": "\u4ec0\u9ebc\u53eb\u4f86\u5f97\u6b63\u662f\u6642\u5019\\n\u6211\u5011\u672c\u4f86\u5c31\u5728\u9019\u88e1\u7684"}, {"row_idx": 15, "param_idx": 0, "ttext": "\u59b3\u624d\u662f\u5f8c\u4f86\u7684\u54e6"}, {"row_idx": 16, "param_idx": 0, "ttext": "\u54ce\uff0c\u9019\u6a23\u55ce\uff1f\\n\u5b8c\u5168\u6c92\u6ce8\u610f\u5230\u5462\u2014"}, {"row_idx": 17, "param_idx": 0, "ttext": "...\u54ce\uff0c\u5148\u4e0d\u8aaa\u9019\u4e9b\u4e86\uff01\\n\u6211\u6709\u554f\u984c\u60f3\u554f\u59b3\u5011\u5006\u5462"}, {"row_idx": 18, "param_idx": 0, "ttext": "\u597d\u5427\\n\u8981\u770b\u554f\u984c\u662f\u4ec0\u9ebc\u4e86"}, {"row_idx": 19, "param_idx": 0, "ttext": "\u76f4\u8aaa\u5427\uff01\u6700\u8fd1\uff0c\u795e\u6728\\n\u6709\u6c92\u6709\u51fa\u73fe\u4ec0\u9ebc...\u8b8a\u5316\uff1f"}, {"row_idx": 20, "param_idx": 0, "ttext": "\u8b8a\u5316\u55ce\\n\u9019\u9ebc\u8aaa\u5e7e\u5929\u524d\u5c31\u6709\u7684\u5462"}, {"row_idx": 21, "param_idx": 0, "ttext": "\u4ec0\u9ebc\u4ec0\u9ebc\uff01\uff1f\\n\u767c\u751f\u4e86\u4ec0\u9ebc\u4e8b\u55ce\uff01\uff1f"}, {"row_idx": 22, "param_idx": 0, "ttext": "\u90a3\u662f\u71b1\u5230\u4ee4\u4eba\u767c\u6688\u7684\u90a3\u5929\\n\u6211\u5011\u53bb\u524d\u5f80\u67e5\u770b\u795e\u6728\u7684\u72c0\u614b"}, {"row_idx": 23, "param_idx": 0, "ttext": "\u5728\u9023\u98db\u9ce5\u90fd\u6703\u71b1\u5012\u7684\u9177\u6691\u4e2d\\n\u6211\u5011\u770b\u5230\u7684\u662f..."}, {"row_idx": 24, "param_idx": 0, "ttext": "\u5931\u53bb\u7cbe\u795e\uff0c\u7121\u7cbe\u6253\u91c7\u7684\u795e\u6728"}, {"row_idx": 25, "param_idx": 0, "ttext": "\u679c\uff0c\u679c\u7136\u79cb\u4e4b\u795e\u6728\u4e5f...\uff01"}, {"row_idx": 26, "param_idx": 0, "ttext": "\u2014\u2014\u54ce\\n\u4f46\u662f\uff0c\u73fe\u5728\u4e0d\u662f\u5f88\u6709\u7cbe\u795e\u55ce"}, {"row_idx": 27, "param_idx": 0, "ttext": "\u90a3\u662f\u7576\u7136\u7684\\n\u7562\u7adf\u7528\u4e0a\u4e86\u6211\u5011\u7684\u667a\u6167"}, {"row_idx": 28, "param_idx": 0, "ttext": "\u7576\u690d\u7269\u5931\u53bb\u7cbe\u795e\u7684\u6642\u5019\\n\u53ea\u8981\u597d\u597d\u7167\u9867\u5c31\u53ef\u4ee5\u7684\u5462"}, {"row_idx": 29, "param_idx": 0, "ttext": "\u7d66\u5468\u570d\u677e\u9b06\u571f\u65bd\u65bd\u80a5\\n\u5b8c\u7f8e\uff0c\u5c31\u9019\u6a23\u7cbe\u795e\u8d77\u4f86\u4e86"}, {"row_idx": 30, "param_idx": 0, "ttext": "\u9019\u6a23\u554a\uff01\u563f~...\\n\u5468\u570d\u7684\u571f\u600e\u9ebc\u653e\u4e5f\u6c92\u554f\u984c\u5427\uff1f"}, {"row_idx": 31, "param_idx": 0, "ttext": "\u4e0d\u80fd\u5c31\u9019\u6a23\u6316\u4e86\u4e0d\u7ba1\u7684\\n\u8981\u597d\u597d\u5c07\u5b83\u5fa9\u539f\u7684\u5462"}, {"row_idx": 32, "param_idx": 0, "ttext": "\u5514\u59c6\u5514\u59c6...\uff01"}, {"row_idx": 33, "param_idx": 0, "ttext": "\u95dc\u65bc\u82b1\u6728\u7684\u7167\u9867\u65b9\u6cd5\\n\u8a72\u53bb\u554f\u554f\u5929\u85cd\u85ea\u8c93\u7684"}, {"row_idx": 34, "param_idx": 0, "ttext": "\u9019\u5176\u5be6\u6c92\u90a3\u9ebc\u96e3"}, {"row_idx": 35, "param_idx": 0, "ttext": "\u7562\u7adf\u690d\u7269\u5f88\u5f37\u58ef\uff0c\u5927\u591a\u6578\u60c5\u6cc1\u4e0b\\n\u81ea\u5df1\u53ea\u9700\u8981\u6f86\u9ede\u6c34\u5c31\u884c\u4e86"}, {"row_idx": 36, "param_idx": 0, "ttext": "\u679c\u7136\u6700\u91cd\u8981\u7684\u9084\u662f\u6c34\u5427\uff01"}, {"row_idx": 37, "param_idx": 0, "ttext": "\u51ac\u4e4b\u795e\u6728\u4e5f\u8b93\u4eba\u64d4\u5fc3\u5436...\u96d6\u7136\u5de1\u908f\u6642\\n\u7d93\u5e38\u53bb\u6aa2\u67e5\u904e\u60c5\u6cc1"}, {"row_idx": 38, "param_idx": 0, "ttext": "\u4f46\u5982\u679c\u4e0d\u4ed4\u7d30\u770b\u7684\u8a71\\n\u6216\u8a31\u9084\u6709\u4e0d\u77e5\u9053\u7684\u60c5\u6cc1\u5728\u767c\u751f\uff01"}, {"row_idx": 39, "param_idx": 0, "ttext": "\u4e8b\u60c5\u8fa6\u5b8c\u5c31\u8d95\u5feb\u96e2\u958b\u5427\\n\u63a5\u4e0b\u4f86\u662f\u5b89\u975c\u7684\u95b1\u8b80\u6642\u9593"}, {"row_idx": 40, "param_idx": 0, "ttext": "\u660e\u767d\u4e86\uff01\\n\u4e8c\u4f4d\uff0c\u8b1d\u8b1d\u5436\u2014\uff01"}, {"row_idx": 43, "param_idx": 0, "ttext": "\u597d\u4e86\\n\u5411\u5317\u6d77\u5730\u5340\u5168\u529b\u6c96\u2014\u523a"}], "Scenario_L_7283_01_4_x": [{"row_idx": 3, "param_idx": 0, "ttext": "\u5317\u6d77\u5730\u5340"}, {"row_idx": 6, "param_idx": 0, "ttext": "\u547c \u5e78\u597d\u9019\u88e1\u6709\u500b\u516c\u8eca\u7ad9"}, {"row_idx": 7, "param_idx": 0, "ttext": "\u54ce\u5440 \u4eca\u5929\u6c92\u6709\u7a4d\u96ea\u5462\\n\u901a\u5e38\u60c5\u6cc1\u4e0b\u90fd\u6703\u6709\u539a\u539a\u7684\u7a4d\u96ea\u5440\u2014..."}, {"row_idx": 8, "param_idx": 0, "ttext": "\u597d\u4e86\u597d\u4e86\\n\u51ac\u4e4b\u795e\u6728\u5b83...\u54ce"}, {"row_idx": 10, "param_idx": 0, "ttext": "\u5514\u54aa..."}, {"row_idx": 12, "param_idx": 0, "ttext": "\u554a\uff01\u767d\u85ea\u8c93\u2014\uff01"}, {"row_idx": 14, "param_idx": 0, "ttext": "\u55b5\u5440 \u662f\u59d0\u59d0\uff01"}, {"row_idx": 15, "param_idx": 0, "ttext": "\u600e\u9ebc\u4e86\uff1f\\n\u5750\u5728\u9019\u88e1\u4e0d\u51b7\u55ce\uff1f"}, {"row_idx": 16, "param_idx": 0, "ttext": "\u5514 \u4e0d\u51b7\u5440\\n\u548c\u5e73\u6642\u6bd4\uff0c\u9084\u6709\u4e9b\u71b1\u5462"}, {"row_idx": 17, "param_idx": 0, "ttext": "\u56e0\u70ba\u795e\u6728\u5931\u53bb\u4e86\u6d3b\u529b\\n\u6240\u4ee5\u4e00\u76f4\u5728\u9019\u770b\u8457"}, {"row_idx": 18, "param_idx": 0, "ttext": "\u9019\u6a23\u554a\\n\u679c\u7136\u51ac\u4e4b\u795e\u6728\u4e5f\u2014\u2014"}, {"row_idx": 19, "param_idx": 0, "ttext": "......\u54ce\uff0c\u9019\u662f\uff1f"}, {"row_idx": 20, "param_idx": 0, "ttext": "\u795e\u6728\u5468\u570d\\n\u653e\u6eff\u4e86\u9945\u982d\u548c\u679c\u5be6"}, {"row_idx": 21, "param_idx": 0, "ttext": "\u554a\uff0c\u5225\u52d5\u9019\u4e9b\uff01\\n\u9019\u500b\uff0c\u662f\u737b\u7d66\u795e\u6728\u7684\u54e6"}, {"row_idx": 22, "param_idx": 0, "ttext": "\u5e0c\u671b\u5403\u4e86\u597d\u5403\u7684\\n\u5c31\u80fd\u6062\u5fa9\u6d3b\u529b..."}, {"row_idx": 23, "param_idx": 0, "ttext": "\u4f46\u662f\uff0c\u5b83\u4e00\u53e3\u4e5f\u4e0d\u5403\u554a\\n\u55da\u54aa..."}, {"row_idx": 24, "param_idx": 0, "ttext": "\u55ef...\u6216\u8a31\uff0c\u795e\u6728\u5b83\\n\u6bd4\u8d77\u9945\u982d\u66f4\u559c\u6b61\u6c34"}, {"row_idx": 25, "param_idx": 0, "ttext": "\u6211\uff0c\u5e36\u4e86\u7051\u6c34\u58fa\u5462\\n\u4e00\u8d77\u7d66\u5b83\u6f86\u6c34\u5427\uff01"}, {"row_idx": 26, "param_idx": 0, "ttext": "\u660e\u767d\u4e86\u2014\uff01"}, {"row_idx": 28, "param_idx": 0, "ttext": "<size\\=\"40\">\u795e\u6728 \u6062\u5fa9\u7cbe\u2014\u795e\u5427\uff01</size>"}, {"row_idx": 30, "param_idx": 0, "ttext": "<color=#990000>\u5629\u5566\u5566~...</color>"}, {"row_idx": 33, "param_idx": 0, "ttext": "\u9019\u6a23\u5b83\u5c31\u80fd\u6062\u5fa9\u7cbe\u795e\u55ce"}, {"row_idx": 34, "param_idx": 0, "ttext": "\u80af\u5b9a\u6c92\u4e8b\u7684\\n\u518d\u770b\u9867\u4e00\u4e0b\u5427"}, {"row_idx": 35, "param_idx": 0, "ttext": "\u55ef\uff01"}, {"row_idx": 42, "param_idx": 0, "ttext": "...\u5475\u5475 \u5927\u5bb6\uff0c\u5c0d\u795e\u6728\u7684\u4e8b\\n\u90fd\u5f88\u7528\u5fc3\u5462"}, {"row_idx": 43, "param_idx": 0, "ttext": "\u4e0d\u6127\u662f\u88ab\u5927\u6b66\u9b25\u6703\u9078\u4e2d\u7684\u738b\u8005\uff01\\n\u5f88\u597d\u5730\u5c65\u884c\u4e86\u4efb\u52d9\u5462"}, {"row_idx": 44, "param_idx": 0, "ttext": "\u9019\u7a2e\u5c0f\u4e8b\uff0c\u5373\u4fbf\u653e\u4efb\u4e0d\u7ba1\\n\u795e\u6728\u81ea\u8eab\u7684\u529b\u91cf\u4e5f\u80fd\u514b\u670d"}, {"row_idx": 45, "param_idx": 0, "ttext": "\u4f46\u5373\u4fbf\u5982\u6b64\uff0c\u5c0d\u795e\u6728\u7684\u95dc\u5fc3\\n\u60f3\u8981\u5e6b\u5fd9\u7684\u5fc3\u610f\u4e5f\u5f88\u91cd\u8981\u5462"}, {"row_idx": 46, "param_idx": 0, "ttext": "\u55ef\u55ef\uff01\\n\u9019\u7a2e\u5fc3\u614b\u6b63\u662f\u738b\u8005\u7684\u6c23\u91cf\u554a"}, {"row_idx": 47, "param_idx": 0, "ttext": "...\u55ef \u8a71\u96d6\u5982\u6b64"}, {"row_idx": 48, "param_idx": 0, "ttext": "\u7e3d\u611f\u89ba\uff0c\u6709\u7a2e\u4e0d\u53ef\u601d\u8b70\u7684\u611f\u53d7\u5436\\n\u4e0d\u662f\u4e0d\u7965\u7684\u9810\u611f\uff0c\u66f4\u50cf\u662f\u6eab\u6696\u7684\u611f\u53d7..."}, {"row_idx": 49, "param_idx": 0, "ttext": "\u561b\uff0c\u5982\u679c\u5c0d\u516c\u5712\u4f86\u8aaa\u662f\u597d\u4e8b\\n\u53ea\u662f\u770b\u8457\u61c9\u8a72\u6c92\u554f\u984c\u5427"}], "Scenario_L_7283_01_5_x": [{"row_idx": 3, "param_idx": 0, "ttext": "\u5c0d\u4e86\uff01\\n\u525b\u624d\u5462\uff0c\u5f9e\u535a\u58eb\u5979\u5011\u90a3\u807d\u5230\u4e86\u4e00\u500b\u597d\u6d88\u606f"}, {"row_idx": 4, "param_idx": 0, "ttext": "\u597d\u6d88\u606f\u55ce\uff0c\u90a3\u662f\u4ec0\u2014\u9ebc\uff1f"}, {"row_idx": 5, "param_idx": 0, "ttext": "\u64da\u8aaa\u53ea\u8981\u7a0d\u5fae\u677e\u9b06\u571f\\n\u88dc\u5145\u9ede\u80a5\u6599\u5c31\u884c\u4e86\uff01"}, {"row_idx": 6, "param_idx": 0, "ttext": "\u80a5\u6599\u55ce...\u90a3\u662f\u4ec0\u2014\u9ebc\uff1f"}, {"row_idx": 7, "param_idx": 0, "ttext": "\u9019\u500b\u5462\\n\u5c31\u662f\u985e\u4f3c\u795e\u6728\u7684\u5143\u6c23\u9910\u7684\u6771\u897f"}, {"row_idx": 8, "param_idx": 0, "ttext": "\u8981\u662f\u628a\u9945\u982d\u52a0\u9032\u53bb\u6703\u7cbe\u795e\u8d77\u4f86\u55ce\uff1f"}, {"row_idx": 9, "param_idx": 0, "ttext": "\u9945\u982d\u7684\u8a71...\\n\u611f\u89ba\u4e0d\u80fd\u52a0\u9032\u53bb\uff01"}, {"row_idx": 10, "param_idx": 0, "ttext": "\u9019\u908a\u7684\u571f\uff0c\u6316\u5f97\u52d5\u55ce\\n\u786c\u90a6\u90a6\u7684\u8a71\u6216\u8a31\u6703\u5f88\u96e3"}, {"row_idx": 11, "param_idx": 0, "ttext": "<color=#990000>............\u54a6\uff1f</color>"}, {"row_idx": 12, "param_idx": 0, "ttext": "\u59d0\u59d0\uff0c\u600e\u9ebc\u4e86\uff1f"}, {"row_idx": 13, "param_idx": 0, "ttext": "\u5feb\u770b\uff0c\u9019\u88e1\uff01\u6a39\u65c1\\n\u6709\u5730\u65b9\u51f8\u8d77\u4f86\u4e86......\uff01"}, {"row_idx": 14, "param_idx": 0, "ttext": "\u9019\u662f\u4ec0\u9ebc\uff1f\\n\u4e0d\u662f\u6a39\u6839\u5462"}, {"row_idx": 15, "param_idx": 0, "ttext": "...\u5c31\u7a0d\u5fae\u6316\u6316\u770b\u5427\uff01"}, {"row_idx": 16, "param_idx": 0, "ttext": "\u660e\u767d\u4e86\uff01\u7a0d\u5fae\u6316\u6316\u5427\uff01"}, {"row_idx": 18, "param_idx": 0, "ttext": "<color=#990000>\u6316\u5440\u6316\u5440\u6316\u5440...\\n\u6316\u5440\u6316\u5440\u6316\u5440\u6316\u5440...</color>"}, {"row_idx": 25, "param_idx": 0, "ttext": "<color=#990000>...\u9019\u662f\u4ec0\u9ebc\u2014\uff01\uff1f</color>"}, {"row_idx": 26, "param_idx": 0, "ttext": "\u6a39\u4e0b\u9762\\n\u6709\u500b\u5730\u6d1e\uff01"}, {"row_idx": 27, "param_idx": 0, "ttext": "\u795e\u6728\u7684\u6839\u90e8\\n\u7a0d\u5fae\u9732\u51fa\u4f86\u4e86\u5462"}, {"row_idx": 28, "param_idx": 0, "ttext": "\u771f\u7684\u8036...\uff01\\n\u800c\u4e14\uff0c\u6709\u4e9b\u53d7\u50b7\u4e86\u5436"}, {"row_idx": 29, "param_idx": 0, "ttext": "\u795e\u6728\uff0c\u597d\u53ef\u6190...\\n\u75db\u75db\u75db\u75db\uff0c\u5feb\u8d70\u958b\u2014"}, {"row_idx": 30, "param_idx": 0, "ttext": "\u8aaa\u4e0d\u5b9a\uff0c\u662f\u9019\u500b\u5730\u6d1e\\n\u5728\u5438\u8d70\u795e\u6728\u7684\u6d3b\u529b\u5462...\uff1f"}, {"row_idx": 31, "param_idx": 0, "ttext": "\u767d\u85ea\u8c93\uff01\\n\u524d\u5f80\u6d1e\u7a74\uff0c\u63a2\u96aa\u770b\u770b\u5427\uff01"}, {"row_idx": 32, "param_idx": 0, "ttext": "\u597d\u2014\u7684\uff01"}, {"row_idx": 44, "param_idx": 0, "ttext": "...\u597d\u50cf\u807d\u5230\u4e86\u4ec0\u9ebc\u8072\u97f3\\n\u662f\u5929\u85cd\u602a\u55ce"}, {"row_idx": 45, "param_idx": 0, "ttext": "\u6c23\u5473\u4e5f\u611f\u89ba\u602a\u602a\u7684\\n\u6709\u9ede\u5687\u4eba\u5462..."}, {"row_idx": 46, "param_idx": 0, "ttext": "\u5c0f\u5fc3\u9ede\u5436\uff0c\u767d\u85ea\u8c93\\n\u505a\u597d\u7acb\u523b\u9003\u8dd1\u7684\u6e96\u5099\u2014\u2014"}, {"row_idx": 47, "param_idx": 0, "ttext": "\u2014\u2014\u554a\uff01\\n\u5371\u96aa\uff01\uff01"}, {"row_idx": 48, "param_idx": 0, "ttext": "\u54c7\u554a\uff01\uff1f"}, {"row_idx": 55, "param_idx": 0, "ttext": "<size\\=\"40\">\u2014\u2014\uff01\uff01</size>"}, {"row_idx": 57, "param_idx": 0, "ttext": "\u7cdf\u4e86\uff0c\u6709\u597d\u591a\u5929\u85cd\u602a...\uff01\uff1f"}, {"row_idx": 58, "param_idx": 0, "ttext": "\u59d0\u59d0\uff0c\u600e\u9ebc\u8fa6\u5440\uff01"}, {"row_idx": 59, "param_idx": 0, "ttext": "\u9019\u88e1\u72f9\u7a84\u5230\u96e3\u4ee5\u79fb\u52d5\\n\u6240\u4ee5\u6211\u5011\u5148\u5f9e\u6d1e\u7a74\u88e1\u51fa\u4f86\u5427\uff01"}, {"row_idx": 60, "param_idx": 0, "ttext": "\u5feb\u8dd1\u5427\uff0c\u767d\u85ea\u8c93\u2014\u2014"}, {"row_idx": 62, "param_idx": 0, "ttext": "<size\\=\"40\">\u2014\u2014\uff01\uff01</size>"}, {"row_idx": 64, "param_idx": 0, "ttext": "<size\\=\"40\">\u5629\u5566\u5629\u5566\uff01\uff01</size>"}, {"row_idx": 66, "param_idx": 0, "ttext": "\u4e0d\u597d\u4e86...\uff01\\n\u6d1e\u7a74\u574d\u584c\u4e86\u2014\u2014"}, {"row_idx": 67, "param_idx": 0, "ttext": "<size\\=\"40\">\u59d0\u2014\u59d0\u2014\uff01</size>"}, {"row_idx": 68, "param_idx": 0, "ttext": "\u767d\u85ea\u8c93\\n\u81f3\u5c11\u59b3\u8981\u9003\u51fa\u53bb...\uff01"}, {"row_idx": 70, "param_idx": 0, "ttext": "<size\\=\"40\">\u5629\u5566\u5629\u5566  \u7830\u549a</size>"}, {"row_idx": 76, "param_idx": 0, "ttext": "<size\\=\"40\">\u54bf\u5440\uff01\uff01</size>"}, {"row_idx": 81, "param_idx": 0, "ttext": "\u6d1e\u7a74\u574d\u584c\uff0c\u51fa\u4e0d\u53bb\u4e86"}, {"row_idx": 83, "param_idx": 0, "ttext": "\u4ec0\u9ebc\u4e5f\u770b\u4e0d\u898b\\n\u8eab\u9ad4\u4e5f\u52d5\u4e0d\u4e86..."}, {"row_idx": 85, "param_idx": 0, "ttext": "\u767d\u85ea\u8c93\u6703\u6c92\u4e8b\u55ce..."}, {"row_idx": 87, "param_idx": 0, "ttext": "\u795e\u6728\u4e5f \u6c92\u53d7\u50b7\u5c31\u597d\u2014\u2014"}, {"row_idx": 91, "param_idx": 0, "ttext": "\u59d0\u59d0\\n\u6211\u597d\u5bb3\u6015..."}, {"row_idx": 94, "param_idx": 0, "ttext": "\u554a \u592a\u597d\u4e86\\n\u767d\u85ea\u8c93\u5e73\u5b89\u7121\u4e8b..."}, {"row_idx": 98, "param_idx": 0, "ttext": "\u2014\u2014\u6c92\u95dc\u4fc2\\n\u6c92\u4e8b\u7684"}, {"row_idx": 105, "param_idx": 0, "ttext": "<color=#990000>\u7562\u7adf\u6211\u6703\u4ee5\u706b\u529b\u5168\u958b\u7684\u529b\u91cf\\n\u5288\u54e9\u556a\u5566\u641e\u5b9a\u7684\uff01</color>"}, {"row_idx": 112, "param_idx": 0, "ttext": "\u2014\u2014\u2014\u2014\u5c0f\u59d0\\n\u85ea...\u5c0f\u59d0\uff0c...\u8c93\u5c0f\u59d0\uff01"}, {"row_idx": 113, "param_idx": 0, "ttext": "<size\\=\"40\">\u85ea\u8c93\u5c0f\u59d0\uff01\uff01</size>"}, {"row_idx": 119, "param_idx": 0, "ttext": "<size\\=\"40\">\u54c8\uff01\uff1f</size>"}, {"row_idx": 121, "param_idx": 0, "ttext": "\u554a\uff0c\u592a\u597d\u4e86\\n\u539f\u4f86\u53ea\u662f\u5728\u5348\u7761\u55ce"}, {"row_idx": 122, "param_idx": 0, "ttext": "\u65e9\u5b89\u266a\u5728\u9019\u7a2e\u5730\u65b9\\n\u7761\u89ba\u7684\u8a71\uff0c\u6703\u611f\u5192\u7684\u54e6"}, {"row_idx": 123, "param_idx": 0, "ttext": ".............\u54ce\u5440\uff1f"}, {"row_idx": 125, "param_idx": 0, "ttext": "\u7c89\u7d05\u8c79 \u7e3d\u4e4b\\n\u5927\u6d1e\u5df2\u7d93\u5168\u90e8\u586b\u597d\u4e86\u54e6"}, {"row_idx": 126, "param_idx": 0, "ttext": "\u96e3\u5f97\u6709\u500b\u96a7\u9053...\\n\u537b\u8981\u5168\u90e8\u586b\u5e73\uff0c\u771f\u53ef\u60dc\u5436"}, {"row_idx": 127, "param_idx": 0, "ttext": "\u6c92\u8fa6\u6cd5\u7684\u54e6\\n\u7562\u7adf\u9019\u6a23\u7684\u8a71\u795e\u6728\u6703\u5012\u7684"}, {"row_idx": 128, "param_idx": 0, "ttext": "\u9019\u6a23\u2014..."}, {"row_idx": 129, "param_idx": 0, "ttext": "\u597d\u4e86\u571f\u8c5a\u95a3\u4e0b\uff0c\u5854\u65af\u99ac\u5c3c\u4e9e\u888b\u718a\u95a3\u4e0b\uff01\\n\u6700\u5f8c\u7684\u5de5\u4f5c\uff0c\u958b\u5de5\u5427\u2014"}, {"row_idx": 130, "param_idx": 0, "ttext": "\u597d\u7684\u2014"}, {"row_idx": 133, "param_idx": 0, "ttext": "\u54c7\u54c7\uff0c\u5225\u843d\u4e0b\u6211..."}, {"row_idx": 136, "param_idx": 0, "ttext": "\u5404\u4f4d\uff0c\u9084\u8acb\u52a0\u6cb9~\u54e6\u266a"}, {"row_idx": 137, "param_idx": 0, "ttext": "\u767c\u751f\u4e86...\u4ec0\u9ebc\u5462~...\uff1f"}, {"row_idx": 146, "param_idx": 0, "ttext": "<color=#ff6e00>\u52d5\u7269\u5927\u6b66\u95d8\u4f1a\uff5eExtra\uff5e\u3000</color>\\n\u3000\u3000\u3000\u3000\u3000\u3000\u3000\u3000\u3000\u3000\u3000\u3000\u3000\u3000\u3000\u3000\u3000\u5f85\u7e8c"}]}